,ASIN,Impressions,Clicks,Spend,7 Day Total Sales,7 Day Total Orders (#),7 Day Total Units (#),7 Day Advertised SKU Units (#),7 Day Other SKU Units (#),7 Day Advertised SKU Sales,7 Day Other SKU Sales,CTR (%),CPC,Conversion Rate (%),ACOS (%),ROAS,Material,Brand,Niche,SKU,Hero ASIN,Task Owner,FNSKU,Stock FC,Available,Total Stock,SourceID,Type,Trend,Layout ( Text and Image),Number of Colors,Trend Quote,Recipient/Sender in the Message,Color,Message Content,Style Design,Tone Design,Motif Design,Idea Note,Product Type,Image_URL
0,B0DMJQ1J1L,125391,2639,1027.12,1085.83,116,117,75,42,714.25,371.58,2.104616759,0.389208033,4.395604396,94.59307626,1.057159826,Rectangle Folded Card,PAWZITY,Couple,H20_GreCard_1437,,Mai Thu Tram,X004GMEY4R,858,850,858,NzUxNjQ2MTcyODU3ODc5NzYwNjpyZWN1dFU0dDBTZkFCUzpjOTdkMmVkOGRlYjA2NDk0YzRkNmE3NDZmMmZlNGI4NTox,,Valentine,Text + Art (Top),More than 3 colors,0,0,Bright,Sentimental  ,Watercolor,Elegant,People,,Rectangle Folded Card,https://m.media-amazon.com/images/I/71Q87AyI9xL._AC_SX466_.jpg
1,B0DMJW85TN,44557,270,118.62,178.81,19,19,16,3,148.84,29.97,0.605965393,0.439333333,7.037037037,66.33857167,1.507418648,Rectangle Folded Card,PAWZITY,Couple,H20_GreCard_1435,,Mai Thu Tram,X004GM6R01,1003,1002,1003,NzUxNjQ2MTcyODU3ODc5NzYwNjpyZWN1dFU0dDBTa2l1TzplYjQ4NzY0MTcwZTdmYzVmMzU0ZjFkNmUwMmIzNTg5Zjox,,Valentine,Text + Art (Center),1-3 colors,0,0,Bright,Sentimental  ,Watercolor,Cute,Animal ,,Rectangle Folded Card,https://m.media-amazon.com/images/I/71ykeQhI0xL._AC_SX466_.jpg
2,B0DMJY7F46,13920,62,27.85,75.92,8,8,8,0,75.92,0,0.445402299,0.449193548,12.90322581,36.6833509,2.726032316,Rectangle Folded Card,PAWZITY,Couple,H20_GreCard_1432,,Mai Thu Tram,X004GMDNT9,394,386,394,NzUxNjQ2MTcyODU3ODc5NzYwNjpyZWN1dFU0dDBTU0F6Qzo2MWQyYjgyODI3MWYzNjEwMjI5OTZlNDA2MjYyYjg3YTox,,Valentine,Text + Art (Bottom),1-3 colors,0,0,Bright,Funny  ,Cartoon,Cute,Object-based,,Rectangle Folded Card,https://m.media-amazon.com/images/I/71Wm69Ihk8L._AC_SX425_.jpg
3,B0DMK5C7VJ,55981,1066,441.27,793.15,85,85,65,20,614.35,178.8,1.904217502,0.413949343,7.973733583,55.63512576,1.797425612,Rectangle Folded Card,PAWZITY,Couple,H20_GreCard_1446,,Mai Thu Tram,X004GO2A0F,855,848,855,NzUxNjQ2MTcyODU3ODc5NzYwNjpyZWN1dFU0dDBTaTFQUzo2YjFjZTM4MDRlNjJjNDIzN2RjMjMxMGU5ODYwOTI0NDox,,Valentine,Text + Art (Center),More than 3 colors,0,0,Bright,Funny  ,Watercolor,Cute,Animal ,,Rectangle Folded Card,https://m.media-amazon.com/images/I/71JK+qmL+YL._AC_SY450_.jpg
4,B0DMK5GZP4,69509,1330,546.07,919.01,101,101,78,23,734.22,184.79,1.913421284,0.410578947,7.593984962,59.4193752,1.682952735,Rectangle Folded Card,PAWZITY,Him ,H20_GreCard_1443,,Mai Thu Tram,X004GNSAFZ,636,629,636,NzUxNjQ2MTcyODU3ODc5NzYwNjpyZWN1dFU0dDBTM1hBaTo3NDUzZjcyOWJhZjFkMWVmMTM4OWQzYTJjMDFlMDNlYTox,,Valentine,Text + Cliparts,More than 3 colors,0,0,Bright,Funny  ,Cartoon,Cute,People,,Rectangle Folded Card,https://m.media-amazon.com/images/I/710ifFZrmdL._AC_SY355_.jpg
5,B0DMK78YJY,15611,86,40.24,140.84,16,16,9,7,85.91,54.93,0.550893601,0.467906977,18.60465116,28.57142857,3.5,Rectangle Folded Card,PAWZITY,Couple,H20_GreCard_1439,,Mai Thu Tram,X004GNO94L,749,746,749,NzUxNjQ2MTcyODU3ODc5NzYwNjpyZWN1dFU0dDBTaE95Nzo3ZjJiYWY1N2M1ODEwMWJmYzEwZTkxZWNhYWY1MDRhMDox,,Valentine,Text + Art (Center),More than 3 colors,0,0,Bright,Sentimental  ,Cartoon,Cute,Object-based,,Rectangle Folded Card,https://m.media-amazon.com/images/I/71aV4RskAKL._AC_SY450_.jpg
6,B0DMK8FVTB,155798,2523,1004.4,2605.82,319,319,292,27,2354.09,251.73,1.619404614,0.398097503,12.64367816,38.54448887,2.59440462,Rectangle Folded Card,PAWZITY,Couple,H20_GreCard_1442,,Mai Thu Tram,X004GO78WZ,518,456,518,NzUxNjQ2MTcyODU3ODc5NzYwNjpyZWN1dFU0dDBTT1pDMDoyNTgzZjZiMjcyZjhmYzQwOTY2MDIxMjczNGQ2ZWJiZTox,,Valentine,Text + Art (Bottom),1-3 colors,0,0,Bright,Sentimental  ,Simple,Cute,Animal ,,Rectangle Folded Card,https://m.media-amazon.com/images/I/81lmhsUQRGL._AC_SX466_.jpg
7,B0DMK8NH7W,439,4,1.87,9.99,1,1,0,1,0,9.99,0.911161731,0.4675,25,18.71871872,5.342245989,Rectangle Folded Card,PAWZITY,Couple,H20_GreCard_1447,,Mai Thu Tram,X004GO0TZD,1179,1105,1179,NzUxNjQ2MTcyODU3ODc5NzYwNjpyZWN1dFU0dDBTTGtEVzpkOTRkOGU3MGQwYWFlOTczMmQwODQ3Y2MxOTFjNDcwMTox,,Valentine,Text + Art (Center),More than 3 colors,0,0,Bright,Funny  ,Cartoon,Cute,Animal ,,Rectangle Folded Card,https://m.media-amazon.com/images/I/71mQVUiW2-L._AC_SX466_.jpg
8,B0DMK8SC83,360343,4481,1771.22,3528.96,374,374,321,53,3065.79,463.17,1.243537407,0.395273376,8.346351261,50.19099111,1.992389426,Rectangle Folded Card,PAWZITY,Him ,H20_GreCard_1460,,Mai Thu Tram,X004GO0KA7,419,392,419,NzUxNjQ2MTcyODU3ODc5NzYwNjpyZWN1dFU0dDBTT2ppYjo2YzhiMzI0MDkyNDg5ZmYyODY1YTA5MTYyZmMzNTAwYjox,,Valentine,Text + Art (Bottom),More than 3 colors,0,0,Bright,Inappropriate Humor ,Cartoon,Cute,Object-based,,Rectangle Folded Card,https://m.media-amazon.com/images/I/716BK6vLz1L._AC_SY355_.jpg
9,B0DMRJZTXZ,16147,570,292.45,306.51,49,49,43,6,268.57,37.94,3.530067505,0.513070175,8.596491228,95.41287397,1.048076594,Rectangle Folded Card,PAWZITY,Couple,H20_GreCard_1487,,Nguyen Huu Dat,X004GPFDWV,1359,1359,1359,NzUxNjQ2MTcyODU3ODc5NzYwNjpyZWN1dFU0dDBTUjJrUToxZmYwYzVkZWYwZGRiOTY2M2ZiNjkxZjYwNjkzNzAwYTox,,Valentine,Only Text ,1-3 colors,0,0,Dark,Sentimental  ,Vintage,Elegant,Text-based,,Rectangle Folded Card,https://m.media-amazon.com/images/I/91BpLCBdBlL._AC_SX569_.jpg
10,B0DMSB1JGQ,9013,92,60.62,66.9,9,10,10,0,66.9,0,1.020747809,0.658913043,9.782608696,90.61285501,1.103596173,Rectangle Folded Card,PAWZITY,Couple,H20_GreCard_1484,,Nguyen Huu Dat,X004GPLCXF,1318,1318,1318,NzUxNjQ2MTcyODU3ODc5NzYwNjpyZWN1dFU0dDBTdk5qTDpiMWE3MWU3NGRjNjlhYjI0YTE0ZTJiYjBkMzU5NTk1OTox,,Valentine,Only Text ,1-3 colors,0,0,Dark,Sentimental  ,Vintage,Elegant,Text-based,,Rectangle Folded Card,https://m.media-amazon.com/images/I/91kDZBUiBeL._AC_SY355_.jpg
11,B0DMSC1W5T,9775,132,58.44,101.4,11,11,8,3,75.92,25.48,1.350383632,0.442727273,8.333333333,57.63313609,1.735112936,Rectangle Folded Card,PAWZITY,Him ,H20_GreCard_1481,,Mai Thu Tram,X004GPLEC9,705,704,705,NzUxNjQ2MTcyODU3ODc5NzYwNjpyZWN1dFU0dDBTeDFkcjo0ZDQ3YzlhYjRkNzcxOTgwYTBkZDYxNGQzOWY2ZTYyMDox,,Valentine,Text + Art (Center),More than 3 colors,0,0,Bright,Inappropriate Humor ,Cartoon,Cute,Object-based,,Rectangle Folded Card,https://m.media-amazon.com/images/I/717V6hM+0TL._AC_SX466_.jpg
12,B0DMSCQQM8,4599,31,13.42,18.99,1,1,0,1,0,18.99,0.674059578,0.432903226,3.225806452,70.66877304,1.415052161,Rectangle Folded Card,PAWZITY,Couple,H20_GreCard_1486,,Nguyen Huu Dat,X004GPJ2OB,212,212,212,NzUxNjQ2MTcyODU3ODc5NzYwNjpyZWN1dFU0dDBTRlpEcDozN2M0MjY0MDE3ZGMwZjM5ZmM0ZDJmZjMyYmQwNmJhNjox,,Valentine,Only Text ,1-3 colors,1,0,Dark,Sentimental  ,Vintage,Elegant,Text-based,,Rectangle Folded Card,https://m.media-amazon.com/images/I/91CDTb5egLL._AC_SY450_.jpg
13,B0DMSJCF7V,92300,1756,1121.28,1649.9,247,247,224,23,1505.12,144.78,1.902491874,0.638542141,14.06605923,67.96048245,1.47144335,Rectangle Folded Card,PAWZITY,Couple,H20_GreCard_1485,,Nguyen Huu Dat,X004GPPWNL,273,258,273,NzUxNjQ2MTcyODU3ODc5NzYwNjpyZWN1dFU0dDBTVzQ5bjo1MDJkMzYyNDlhOTY0ODg1MmNiNDY0YTc4MjBhZmJhMjox,,Valentine,Text + Art (Center),1-3 colors,0,0,Dark,Funny  ,Vintage,Elegant,Object-based,,Rectangle Folded Card,https://m.media-amazon.com/images/I/81hXaAEVbFL._AC_SX679_.jpg
14,B0DNHXTB24,260,0,0,0,0,0,0,0,0,0,0,0,0,0,0,Square Folded Card,PAWZITY,Couple,H20_GreCard_1455,,Mai Thu Tram,X004GZ9K6V,41,26,41,NzUxNjQ2MTcyODU3ODc5NzYwNjpyZWN1dXlZMDdDRzdFaDoxMDZjMDQ0ZGU2YTE2YWE4MTUyZWY0NTU1ZmQyNDg3Zjox,,Valentine,Text + Cliparts,More than 3 colors,1,0,Bright,Funny  ,Cartoon,Cute,Object-based,,Square Folded Card,https://m.media-amazon.com/images/I/71PA8tdqn4L._AC_SX522_.jpg
15,B0DNJ5DB2F,2819,159,73.04,33.95,5,5,3,2,17.97,15.98,5.640297978,0.459371069,3.144654088,215.1399116,0.464813801,Rectangle Folded Card,PAWZITY,Couple,H20_GreCard_1475,,Nguyen Huu Dat,X004GZDNZ5,863,862,863,NzUxNjQ2MTcyODU3ODc5NzYwNjpyZWN1dXlZMDdDWjRQTzo3YjZjNGE5YTU3MTc5NmJkZmViNmI2NWFkNzRkYTVhODox,,Valentine,Text + Cliparts,1-3 colors,0,0,Dark,Sentimental  ,Simple,Elegant,People,,Rectangle Folded Card,https://m.media-amazon.com/images/I/81hu402LYhL._AC_SX569_.jpg
16,B0DP9WZBPQ,365837,5056,4390.33,6208.92,840,847,717,130,5199.55,1009.37,1.382036262,0.868340585,16.61392405,70.71004297,1.414226265,Rectangle Folded Card,PAWZITY,Husband,H20_GreCard_1496,,Nguyen Uyen Phuong,X004HGBNUP,1872,1809,1872,NzUxNjQ2MTcyODU3ODc5NzYwNjpyZWN1dnZIN1ZHb0ZJNjpkNzM0MTdkNDExZGUzZjA5Mjk1ZWUwYTY3OGU2ZjdiYzox,,"Valentine, Father Day, Christmas",Text + Art (Bottom),More than 3 colors,0,1,Bright,Funny  ,Cartoon,Cute,People,,Rectangle Folded Card,https://m.media-amazon.com/images/I/81mS6PlwE9L._AC_SX466_.jpg
17,B0DP9YCDLD,405468,4436,3832.06,9242.83,1031,1033,955,78,8447.96,794.87,1.094044413,0.863854824,23.24165915,41.45981263,2.411974238,Rectangle Folded Card,PAWZITY,Wife,H20_GreCard_1497,,Nguyen Uyen Phuong,X004HGED6B,1702,1176,1702,NzUxNjQ2MTcyODU3ODc5NzYwNjpyZWN1dnZIOHBzNzkyZDpiMTA5NmNhMmU5NWQwYzVhNjRkOTc3NzEzODY3NjlkMjox,,"Valentine, Christmas, Trend tháng 5",Text + Art (Bottom),More than 3 colors,0,1,Bright,Funny  ,Cartoon,Cute,People,,Rectangle Folded Card,https://m.media-amazon.com/images/I/81SJUeaMbmL._AC_SY355_.jpg
18,B0DSBFFL4K,92639,795,856.13,1216.05,146,156,129,27,1010.12,205.93,0.858169885,1.076893082,18.36477987,70.40253279,1.420403443,Rectangle Folded Card,MENANA,Mom,H20_GreCard_1509,,Tran Phuoc Tam,X004IVZL2Z,776,774,776,NzUxNjQ2MTcyODU3ODc5NzYwNjpyZWN1ejV6MGV4bzdFbjpmMWVkY2ZlNTc5ZDIyNTc1Njk2MDdjYjJhZGVjMGUxZDox,,"Christmas, Trend tháng 5",Text + Art (Center),More than 3 colors,0,1,Bright,Funny  ,Cartoon,Cute,People,,Rectangle Folded Card,https://m.media-amazon.com/images/I/81MBVdt+dVL._AC_SL1500_.jpg
19,B0DSBH8GVF,104298,1240,1555.45,2519.16,296,304,285,19,2369.15,150.01,1.188901034,1.254395161,23.87096774,61.74478795,1.619569899,Rectangle Folded Card,MENANA,Grandma,H20_GreCard_1508,,Tran Phuoc Tam,X004IVZKXZ,586,582,586,NzUxNjQ2MTcyODU3ODc5NzYwNjpyZWN1ejV6MGV4cUJaaDpkZDkzNGJkZmVjZWVkNjFmMGUyOTY4YzgzYjIzNmI2YTox,,Trend tháng 5,Text + Art (Bottom),More than 3 colors,0,1,Bright,Funny  ,Cartoon,Cute,People,,Rectangle Folded Card,https://m.media-amazon.com/images/I/81y0pkyIkGL._AC_SL1500_.jpg
20,B0DSBHGXC5,118313,1450,1531.49,2129.9,267,270,217,53,1703.43,426.47,1.225562702,1.0562,18.4137931,71.90431476,1.390737125,Rectangle Folded Card,MENANA,Mom,H20_GreCard_1507,,Tran Phuoc Tam,X004IVPH79,687,685,687,NzUxNjQ2MTcyODU3ODc5NzYwNjpyZWN1ejV6MGV4YllJZDo0NGRlNjQxNDIzZjJmMDgyZWRiZDllYzg3YThmZGIxYTox,,Trend tháng 5,Text + Art (Bottom),More than 3 colors,0,1,Bright,Funny  ,Cartoon,Cute,People,,Rectangle Folded Card,https://m.media-amazon.com/images/I/81CLg4yFnuL._AC_SX679_.jpg
21,B0DSBJQ517,78118,382,375.41,413.59,58,61,30,31,198.7,214.89,0.489003815,0.982748691,15.18324607,90.76863561,1.101702139,Rectangle Folded Card,MENANA,Mom,H20_GreCard_1506,,Tran Phuoc Tam,X004IVTAC7,944,944,944,NzUxNjQ2MTcyODU3ODc5NzYwNjpyZWN1ejV5WkZPRW85bTowYWIzYjE5YzhiNTUxMWRiN2M5MGRkYzA4ODQ0YjkyZjox,,"Christmas, Trend tháng 5",Text + Art (Bottom),More than 3 colors,0,1,Bright,Funny  ,Cartoon,Cute,People,,Rectangle Folded Card,https://m.media-amazon.com/images/I/81Zxf+8BnbL._AC_SX679_.jpg
22,B0DSBLHTGP,252291,6353,3869.21,5253.84,686,756,602,154,4150.98,1102.86,2.518123912,0.609036676,10.79804817,73.64537177,1.357858581,Rectangle Folded Card,MENANA,Graduation,H20_GreCard_1512,,Tran Phuoc Tam,X004IW4S4L,2,0,2,NzUxNjQ2MTcyODU3ODc5NzYwNjpyZWN1ejV6MGV4TnZGVTo1YjViMmUzMjEzY2E3NWYyZjIzZjc1ZThiNTY5YWZlMjox,,Trend tháng 5,Text + Art (Center),More than 3 colors,0,0,Bright,Graduation Message,Watercolor,Elegant,Object-based,,Rectangle Folded Card,https://m.media-amazon.com/images/I/8161hkIjDML._AC_SX466_.jpg
23,B0DSBLTYKQ,396213,4309,2719.57,3447.38,465,502,407,95,2765.53,681.85,1.087546345,0.631137155,10.79136691,78.88802511,1.267619513,Rectangle Folded Card,MENANA,Graduation,H20_GreCard_1511,,Tran Phuoc Tam,X004IW5GHJ,2,0,2,NzUxNjQ2MTcyODU3ODc5NzYwNjpyZWN1ejV6MGV4TW1lTDplMmRjMzNjNTAyYTY2MWNlNGY5NDk4NDQ0ODQzMTA0NDox,Rectangle Folded Card- DS D_c,Trend tháng 5,Text + Art (Center),1-3 colors,1,0,Seasonal Color  ,Graduation Message,Simple,Elegant,Object-based,,Rectangle Folded Card,https://m.media-amazon.com/images/I/819iEIN4D4L._AC_SX466_.jpg
24,B0DSBN8NG7,73933,1597,1116.5,2431.07,322,353,301,52,2102.99,328.08,2.160063842,0.699123356,20.16280526,45.92627937,2.177402597,Rectangle Folded Card,MENANA,Graduation,H20_GreCard_1513,,Tran Phuoc Tam,X004IV8RC1,0,0,0,NzUxNjQ2MTcyODU3ODc5NzYwNjpyZWN1ejV6MGV4cjhIUDo3YWM2OTIxNGZiMDgzMmY3YjUwNmIzYmJkZDJmOWM0Nzox,Rectangle Folded Card- DS D_c,"Christmas, Trend tháng 5",Text + Art (One side),1-3 colors,1,0,Seasonal Color  ,Graduation Message,Simple,Elegant,People,,Rectangle Folded Card,https://m.media-amazon.com/images/I/81LPdU4KSGL._AC_SL1500_.jpg
25,B0DSBNRXVC,195938,3387,2274.88,4126.93,578,608,544,64,3674.97,451.96,1.728608029,0.671650428,17.06524948,55.12281526,1.814130855,Rectangle Folded Card,MENANA,Graduation,H20_GreCard_1510,,Tran Phuoc Tam,X004IW5GKV,0,,0,NzUxNjQ2MTcyODU3ODc5NzYwNjpyZWN1ejV6MGV4OXFhZDo4Y2Y5NWQzYzE0YzE0MjcwMWIxYTlhY2FiMTZiYzkzNjox,,"Christmas, Trend tháng 5",Text + Art (Bottom),More than 3 colors,1,1,Bright,Funny  ,Cartoon,Cute,People,,Rectangle Folded Card,https://m.media-amazon.com/images/I/81Hy+qI7UQL._AC_SL1500_.jpg
26,B0DSBP53B2,216596,4428,2811.4,4535.36,570,644,523,121,3663.37,871.99,2.044359083,0.634914182,12.87262873,61.98846398,1.613203386,Rectangle Folded Card,MENANA,Graduation,H20_GreCard_1514,,Tran Phuoc Tam,X004IV8RGH,2,1,2,NzUxNjQ2MTcyODU3ODc5NzYwNjpyZWN1ejV6MGV4aWJ6NzozZjg3ZTdmMTNiYzVjNzYzNjFkODgzOTM5NjQ2NWExZjox,,Trend tháng 5,Text + Art (Bottom),1-3 colors,1,0,Dark,Graduation Message,Simple,Elegant,Object-based,,Rectangle Folded Card,https://m.media-amazon.com/images/I/81KL8z5GR4L._AC_SL1500_.jpg
27,B0DXP2MQ4M,391893,4119,3448.19,4473.99,495,499,358,141,3267.92,1206.07,1.0510522,0.83714251,12.01747997,77.07192014,1.297489407,Square Folded Card,PAWZITY,Dad,H2O_GreCard_1525,,Nguyen Van Dung,X004KTD9UL,2260,2229,2260,NzUxNjQ2MTcyODU3ODc5NzYwNjpyZWN1RDJCTFliVG5yMjo4Y2E1ZDQ2YjY5NzZhZTI1YWM3MDI5NjEzNTg3MGIwNDox,,Father Day,Only Text ,1-3 colors,0,1,Bright,Sentimental  ,Vintage,Elegant,Object-based,,Square Folded Card,https://m.media-amazon.com/images/I/619x64I58CL._AC_SL1500_.jpg
28,B0DXP75D9W,796256,7211,7580.19,16114.33,1590,1798,1317,481,11902.97,4211.36,0.90561327,1.051198169,22.04964637,47.04005689,2.125847769,Rectangle Folded Card,PAWZITY,Dad,H2O_GreCard_1527,,Nguyen Uyen Phuong,X004KTCHRH,1624,1468,1624,NzUxNjQ2MTcyODU3ODc5NzYwNjpyZWN1RHY5SlpsTmVPMDoxZDg0ZjgzODUxZjNjMzI2NjNhMTIyNGZmMDRhNjdmNzox,,Father Day,Text + Cliparts,More than 3 colors,0,1,Bright,Fill-in-blank,Cartoon,Cute,Object-based,,Rectangle Folded Card,https://m.media-amazon.com/images/I/81aErjimGhL._AC_SL1500_.jpg
29,B0DXP8VQ4B,697465,11510,8485.05,16320.61,1875,1927,1424,503,12314.46,4006.15,1.65026202,0.737189401,16.29018245,51.9897847,1.923454782,Rectangle Folded Card,PAWZITY,Dad,H2O_GreCard_1547,,Nguyen Huu Dat,X004KT8QJP,697,413,697,NzUxNjQ2MTcyODU3ODc5NzYwNjpyZWN1RHY5SlpsRHg1djpjZDJmNjQyNWRhZDZhZDQyYTlmNTM4NTY2YjQyMGZkYjox,,Father Day,Only Text ,More than 3 colors,0,0,Bright,Funny  ,Simple,Cute,Text-based,,Rectangle Folded Card,https://m.media-amazon.com/images/I/81ClcHqADmL._AC_SL1500_.jpg
30,B0DXP91RZ8,455180,2355,3039.88,4467.96,505,509,413,96,3663.48,804.48,0.517377741,1.290819533,21.44373673,68.03731457,1.469781702,Rectangle Folded Card,PAWZITY,Step Dad,H2O_GreCard_1548,,Nguyen Van Dung,X004KTLSHR,2199,2144,2199,NzUxNjQ2MTcyODU3ODc5NzYwNjpyZWN1RHY5SlpsVHE0dDowZjBlODRjNTIzNmZkNmZhMTFlZjdjMzQ1OWRjZTFhMjox,,Father Day,Text + Art (Center),More than 3 colors,0,1,Bright,Funny  ,Cartoon,Cute,People,,Rectangle Folded Card,https://m.media-amazon.com/images/I/81BcLGa9tLL._AC_SL1500_.jpg
31,B0DXPD8GQR,293791,4950,5360.47,15851.31,1482,1790,1348,442,11974.42,3876.89,1.684871218,1.082923232,29.93939394,33.81720501,2.957074659,Rectangle Folded Card,PAWZITY,Grandpa,H2O_GreCard_1528,,Nguyen Uyen Phuong,X004KTEAOP,1787,1065,1787,NzUxNjQ2MTcyODU3ODc5NzYwNjpyZWN1RHY5SlpsMTN4NzpmNGMwYWU2M2FmNGQ1MGQ0M2Q2MDBmMDM2YzQ3MTY0ZDox,,Father Day,Text + Cliparts,More than 3 colors,0,1,Bright,Fill-in-blank,Cartoon,Cute,Object-based,,Rectangle Folded Card,https://m.media-amazon.com/images/I/81O+-il354L._AC_SL1500_.jpg
32,B0DXPDBL6B,186978,2956,2669.22,3912.23,427,436,325,111,2914.95,997.28,1.580934655,0.902983762,14.44519621,68.22758376,1.465682859,Rectangle Folded Card,PAWZITY,Step Dad,H2O_GreCard_1530,,Nguyen Huu Dat,X004KT2SI5,2246,2196,2246,NzUxNjQ2MTcyODU3ODc5NzYwNjpyZWN1RHY5SlpsTXI3ZjpmZTIwY2Q5NzEyMDhmZWU3OWY0ZDdlOTIyOGQ4ZTE4Mzox,,Father Day,Only Text ,1-3 colors,0,0,Dark,Sentimental  ,Vintage,Elegant,Text-based,,Rectangle Folded Card,https://m.media-amazon.com/images/I/91binIJ1OYL._AC_SL1500_.jpg
33,B0DXPHSHSB,759013,13665,10071.84,15570.72,1739,1750,1329,421,11932.34,3638.38,1.800364421,0.737053787,12.72594219,64.68448473,1.545965782,Rectangle Folded Card,PAWZITY,Dad,H2O_GreCard_1533,,Nguyen Van Dung,X004KT9O55,2023,1852,2023,NzUxNjQ2MTcyODU3ODc5NzYwNjpyZWN1RHY5SlpsYXB3Ujo3ZWYyMzAyNmI3OGQ4N2Q2NTY1OGY5MzRlNTdkZmE3Njox,Rectangle Folded Card- DS D_c,Father Day,Text + Art (Bottom),1-3 colors,0,1,Bright,Funny  ,Simple,Cute,Animal ,,Rectangle Folded Card,https://m.media-amazon.com/images/I/81HDA8QjWuL._AC_SL1500_.jpg
34,B0DXPJ9L6D,819845,14037,11068.98,19846,2187,2210,1693,517,15274.27,4571.73,1.712152907,0.788557384,15.58025219,55.77436259,1.792938464,Rectangle Folded Card,PAWZITY,Dad,H2O_GreCard_1531,,Nguyen Huu Dat,X004KTEGRL,1544,1316,1544,NzUxNjQ2MTcyODU3ODc5NzYwNjpyZWN1RHY5SlpsZEtadjpiMzIyZmZhYTViYTg3OGQ4NmZmM2NkZDMzNzRjN2Y1ODox,,Father Day,Only Text ,1-3 colors,0,1,Bright,Funny  ,Simple,Cute,Text-based,,Rectangle Folded Card,https://m.media-amazon.com/images/I/719EVSEzwZL._AC_SL1500_.jpg
35,B0DXPJBZSV,317234,8148,8095.06,15366.17,1748,1768,1467,301,12865.37,2500.8,2.568451049,0.9935027,21.45311733,52.68105195,1.898215702,Rectangle Folded Card,PAWZITY,Dad,H2O_GreCard_1529,,Tran Phuoc Tam,X004KTKPQ7,601,126,601,NzUxNjQ2MTcyODU3ODc5NzYwNjpyZWN1RHY5SlpsNE9jUDo1ZTU2NTE3ZTJkYjY1YTY2MjE5MGE0MzY0M2I0ZmZkZDox,,Father Day,Text + Cliparts,More than 3 colors,0,1,Bright,Sentimental  ,Cartoon,Cute,Object-based,,Rectangle Folded Card,https://m.media-amazon.com/images/I/81aZ6T1XXFL._AC_SL1500_.jpg
36,B0DXPJCXRK,429207,4275,4384.91,7478.73,881,890,737,153,6210.13,1268.6,0.996022898,1.025709942,20.60818713,58.6317463,1.705560661,Rectangle Folded Card,PAWZITY,Dad,H2O_GreCard_1532,,Nguyen Uyen Phuong,X004KT9O37,1830,1769,1830,NzUxNjQ2MTcyODU3ODc5NzYwNjpyZWN1RHY5SlpsaUUyUjpiNzRmZmU0OTBhY2Q4OTM2MTIxY2E0ZjQ1YThhZWRkZTox,Rectangle Folded Card- DS D_c,Father Day,Only Text ,1-3 colors,0,1,Bright,Funny  ,Simple,Cute,Text-based,,Rectangle Folded Card,https://m.media-amazon.com/images/I/71do2Kidm2L._AC_SL1500_.jpg
37,B0DXPLRMWQ,297938,6929,5742.76,7880.43,902,906,757,149,6553.68,1326.75,2.325651646,0.828800693,13.01775148,72.87368836,1.372237391,Rectangle Folded Card,PAWZITY,Dad To Be,H2O_GreCard_1534,,Nguyen Huu Dat,X004KTLVAV,2013,1940,2013,NzUxNjQ2MTcyODU3ODc5NzYwNjpyZWN1RHY5Slpsc1prODo4M2E2ZTRjN2U2YWNmYzc5NTc3NmE4OGM2MDRjZjVjMjox,Rectangle Folded Card- DS D_c,Father Day,Text + Cliparts,1-3 colors,1,1,Bright,Sentimental  ,Simple,Cute,Text-based,,Rectangle Folded Card,https://m.media-amazon.com/images/I/71+ad4SJEkL._AC_SL1500_.jpg
38,B0DXPPFLNR,373316,3857,3314.8,4347.02,500,506,348,158,2969.02,1378,1.033172969,0.859424423,12.96344309,76.25453759,1.311397369,Square Folded Card,PAWZITY,Dad,H2O_GreCard_1526,,Nguyen Uyen Phuong,X004KTF75V,2712,2667,2712,NzUxNjQ2MTcyODU3ODc5NzYwNjpyZWN1RHY5SlpsY1BITzozMjVjNTExMjA4NzZhMGU2ZjRiNjgzODA2N2FhOWYwMzox,,Father Day,Text + Cliparts,More than 3 colors,0,1,Bright,Sentimental  ,Vintage,Elegant,Object-based,,Square Folded Card,https://m.media-amazon.com/images/I/71Cp9zumCuL._AC_SL1500_.jpg
39,B0DXPR3ZJ8,332648,12996,11880.25,15349.1,1760,1766,1329,437,11662.73,3686.37,3.906832448,0.914146661,13.5426285,77.4003036,1.291984596,Rectangle Folded Card,PAWZITY,Husband,H2O_GreCard_1536,,Tran Phuoc Tam,X004KTO4PF,1189,1022,1189,NzUxNjQ2MTcyODU3ODc5NzYwNjpyZWN1RHY5SlpsMW4zQTo0YzA3MjIwNTFjMmVmNWI0OTBjY2FmOTE0MWE2YTFmOTox,Rectangle Folded Card- DS D_c,Father Day,Text + Cliparts,1-3 colors,1,0,Bright,Sentimental  ,Simple,Cute,Text-based,,Rectangle Folded Card,https://m.media-amazon.com/images/I/71WUVChGgCL._AC_SL1500_.jpg
40,B0DXPT69LB,430107,10027,8382.17,12423.33,1391,1396,1047,349,9264.13,3159.2,2.331280356,0.835959908,13.87254413,67.47120136,1.48211382,Rectangle Folded Card,PAWZITY,Step Dad,H2O_GreCard_1537,,Nguyen Huu Dat,X004KTPDJB,1792,1685,1792,NzUxNjQ2MTcyODU3ODc5NzYwNjpyZWN1RHY5Slpsa1hCUToyMWE0OWFiYWU5OWNiOGE1MTg0MzEzOTYzOGI0MzM3Mzox,,Father Day,Only Text ,1-3 colors,1,0,Dark,Funny  ,Vintage,Elegant,Text-based,,Rectangle Folded Card,https://m.media-amazon.com/images/I/91tBg9qDg8L._AC_SL1500_.jpg
41,B0DXPTCGS5,464472,6313,4540.9,5988.07,785,834,790,44,5669.8,318.27,1.359177733,0.719293521,12.43465864,75.83244685,1.318696734,Rectangle Folded Card,PAWZITY,Graduation,H2O_GreCard_1540,,Mai Duy Quang,X004KTPEZJ,2107,2082,2107,NzUxNjQ2MTcyODU3ODc5NzYwNjpyZWN1RHY5SlpscnNGVzpiOTc5ZWQ1ODk0ZWMzZjY5MTQ5MGI4NThhM2E0MDQ5YTox,Rectangle Folded Card- DS D_c,Trend tháng 5,Text + Art (Bottom),1-3 colors,0,0,Bright,Funny  ,Cartoon,,People,,Rectangle Folded Card,https://m.media-amazon.com/images/I/71W9U55uAHL._AC_SL1500_.jpg
42,B0DXPV3HDL,119574,3140,2920.45,2237.35,282,286,206,80,1592.94,644.41,2.625988927,0.930079618,8.98089172,130.5316558,0.76609769,Rectangle Folded Card,PAWZITY,Step Dad,H2O_GreCard_1535,,Tran Phuoc Tam,X004KTO7IJ,2199,2153,2199,NzUxNjQ2MTcyODU3ODc5NzYwNjpyZWN1RHY5SlpsT0M2SToxZDg5MzkwY2Y5ZWFlYjlhNWExZWM5MTEzMDkzODgzOTox,Rectangle Folded Card- DS D_c,Father Day,Text + Cliparts,1-3 colors,1,0,Bright,Sentimental  ,Simple,Cute,Text-based,,Rectangle Folded Card,https://m.media-amazon.com/images/I/71plOMM1lYL._AC_SL1500_.jpg
43,B0DXPVNBNR,251767,5626,6053.96,9256.76,1107,1113,919,194,7622.32,1634.44,2.234605806,1.076068255,19.67650196,65.40042088,1.529042148,Rectangle Folded Card,PAWZITY,Dog Dad,H2O_GreCard_1541,,Nguyen Huu Dat,X004KTPHFV,1742,1581,1742,NzUxNjQ2MTcyODU3ODc5NzYwNjpyZWN1RHY5SlpsT2l0SDpiMWUxMjRhMjhkNmExMTk1NWIzMmI1MjcwMmM0ZjQ5YTox,,Father Day,Only Text ,1-3 colors,1,1,Dark,Funny  ,Vintage,Cute,Text-based,,Rectangle Folded Card,https://m.media-amazon.com/images/I/91sKSfkf2NL._AC_SL1500_.jpg
44,B0DXPW82LD,270904,6385,5926.87,7024.89,856,863,607,256,4875.03,2149.86,2.356923486,0.928249021,13.4064213,84.36957732,1.185261361,Rectangle Folded Card,PAWZITY,Dad,H2O_GreCard_1542,,Nguyen Huu Dat,X004KTSR17,1937,1874,1937,NzUxNjQ2MTcyODU3ODc5NzYwNjpyZWN1RHY5Slpsc3pRSjozNzg1NjczMDdlNjcyZTc4NDM0MTdiMWZmYTNhNTQwOTox,,Father Day,Only Text ,1-3 colors,0,1,Dark,Funny  ,Vintage,Elegant,Text-based,,Rectangle Folded Card,https://m.media-amazon.com/images/I/91P1ugdZTFL._AC_SL1500_.jpg
45,B0DXPWLJ9H,761514,4503,4392.15,7412.15,820,839,639,200,5714.81,1697.34,0.591322024,0.975383078,18.21008217,59.25608629,1.68759036,Rectangle Folded Card,PAWZITY,Dad,H2O_GreCard_1538,,Nguyen Huu Dat,X004KTNOY7,2042,1966,2042,NzUxNjQ2MTcyODU3ODc5NzYwNjpyZWN1RHY5SlpsZ1pjdDo1ZmQyYTU1ODhlNzY0MDQ4OTk2ZGM4OWMxMzY3ZTMzZjox,,Father Day,Only Text ,1-3 colors,0,1,Dark,Funny  ,Vintage,Elegant,Text-based,,Rectangle Folded Card,https://m.media-amazon.com/images/I/914P+ES92SL._AC_SL1500_.jpg
46,B0DXPWMRV1,609071,10754,8574.07,18323.3,2093,2103,1767,336,15583.65,2739.65,1.765639802,0.79729124,19.46252557,46.79326322,2.137059763,Rectangle Folded Card,PAWZITY,Dog Dad,H2O_GreCard_1546,,Nguyen Van Dung,X004KTPZSZ,770,529,770,NzUxNjQ2MTcyODU3ODc5NzYwNjpyZWN1RHY5SlpsM0drazo5YzI3ZDIxNzUwZjliODI1YTJjNDhjYjFlNWU5OTMzOTox,,Father Day,Text + Art (Center),1-3 colors,1,0,Bright,Funny  ,Cartoon,Cute,Animal ,,Rectangle Folded Card,https://m.media-amazon.com/images/I/71utH9Q+f8L._AC_SL1500_.jpg
47,B0DXPWXJNM,305287,8608,7276.16,11931.99,1404,1410,1132,278,9595.88,2336.11,2.819641845,0.84527881,16.31040892,60.98027236,1.639874604,Rectangle Folded Card,PAWZITY,Dog Dad,H2O_GreCard_1549,,Nguyen Uyen Phuong,X004KTM1AF,1371,1243,1371,NzUxNjQ2MTcyODU3ODc5NzYwNjpyZWN1RHY5SlpsZ3FNSTo2MjA0OGVmNmEyNDkxYWIyNDYyNDU0NDQwNDc0NjBjNTox,Rectangle Folded Card- DS D_c,Father Day,Text + Cliparts,More than 3 colors,1,0,Bright,Funny  ,,Cute,Object-based,,Rectangle Folded Card,https://m.media-amazon.com/images/I/71XGDYM4VxL._AC_SL1500_.jpg
48,B0DXPXNHG3,282216,6029,5370.59,8847.94,964,968,831,137,7660.7,1187.24,2.136306942,0.890792835,15.98938464,60.69876152,1.647480072,Rectangle Folded Card,PAWZITY,New Dad,H2O_GreCard_1543,,Nguyen Van Dung,X004KTA0J9,1950,1776,1950,NzUxNjQ2MTcyODU3ODc5NzYwNjpyZWN1RHY5SlpscUhIaDo5YmUzNzZkMzNkYmJlMTllYjc5ZTM1MzkwMmVmOWY2ZTox,Rectangle Folded Card- DS D_c,Father Day,Only Text ,1-3 colors,1,1,Bright,Sentimental  ,Simple,Elegant,Text-based,,Rectangle Folded Card,https://m.media-amazon.com/images/I/71GTX-wBKKL._AC_SL1500_.jpg
49,B0DXPXPV6T,584248,14863,12930.97,20067.58,2348,2363,1829,534,15754.12,4313.46,2.543953937,0.870010765,15.79761825,64.43711698,1.551900592,Rectangle Folded Card,PAWZITY,Husband,H2O_GreCard_1545,,Nguyen Huu Dat,X004KTSQXV,1169,966,1169,NzUxNjQ2MTcyODU3ODc5NzYwNjpyZWN1RHY5Slpsam9XZTpkNWY4M2M2MzFhYjU4ZTEwMmQ3NzI1YjA2OTk1MGIwMDox,,Father Day,Only Text ,1-3 colors,1,0,Dark,Sentimental  ,Vintage,Elegant,Text-based,,Rectangle Folded Card,https://m.media-amazon.com/images/I/91xBCMrAY9L._AC_SL1500_.jpg
50,B0DXPY1WQK,136722,4144,3499.84,5022.62,582,588,406,182,3429.09,1593.53,3.03096795,0.844555985,14.04440154,69.68156062,1.43509989,Rectangle Folded Card,PAWZITY,Step Dad,H2O_GreCard_1539,,Nguyen Huu Dat,X004KTP9NV,2139,2100,2139,NzUxNjQ2MTcyODU3ODc5NzYwNjpyZWN1RHY5SlpsSnNYeDpmNzhmYzJjMmM1ZWQ2NTA3N2FmMTBmN2I1ZGNjMTY2MDox,Kraft Card,Father Day,Only Text ,1-3 colors,0,0,Dark,Sentimental  ,Vintage,Elegant,Text-based,,Rectangle Folded Card,https://m.media-amazon.com/images/I/91S2P4ohE0L._AC_SL1500_.jpg
51,B0DXV5J3HY,672032,10899,9832.53,14302.08,1645,1652,1248,404,10926.06,3376.02,1.621797772,0.902149739,15.09312781,68.7489512,1.454567644,Rectangle Folded Card,PAWZITY,Husband,H2O_GreCard_1544,,Nguyen Van Dung,X004KZBQUF,1201,1036,1201,NzUxNjQ2MTcyODU3ODc5NzYwNjpyZWN1RHY5SlpsN1pWRTowNzNkMTJlYzQ0Y2Y3MDFjYTYyOWI5N2VlYThiZjYyODox,,Father Day,Only Text ,1-3 colors,1,0,Bright,Sentimental  ,Simple,Elegant,Text-based,,Rectangle Folded Card,https://m.media-amazon.com/images/I/71qE2W2GGJL._AC_SL1500_.jpg
52,B0DYDB7ZV1,853472,9172,11434.84,13980.18,1826,1953,1648,305,11636.53,2343.65,1.074669116,1.246711731,19.90841692,81.79322441,1.222595157,Rectangle Folded Card,PAWZITY,Dad,H2O_GreCard_1552,,Nguyen Van Dung,X004L3DWHB,18546,17442,18546,NzUxNjQ2MTcyODU3ODc5NzYwNjpyZWN1RXoyNGExbXI0ZTpkZDI3NzFhZjk5MTVlOTViNjM2ZTA3ODc1NTRjM2U5Mjox,,Father Day,Text + Art (Bottom),More than 3 colors,0,1,Bright,Funny  ,Cartoon,Cute,People,,Rectangle Folded Card,https://m.media-amazon.com/images/I/71NUcAdyefL._AC_SL1500_.jpg
53,B0DYDG2GP6,242383,1372,1711.78,1993.52,237,242,158,84,1322.12,671.4,0.566046299,1.247653061,17.27405248,85.86720976,1.164588907,Rectangle Folded Card,PAWZITY,Dad,H2O_GreCard_1554,,Nguyen Huu Dat,X004L35CAV,2354,2323,2354,NzUxNjQ2MTcyODU3ODc5NzYwNjpyZWN1RXoyNGExRnpJNzozNjNlODFjY2ZiNjJkZDdmYmY1MmUzMzk4M2Y2YTE2Nzox,Rectangle Folded Card- DS D_c,Father Day,Text + Art (One side),More than 3 colors,0,1,Dark,Funny  ,Simple,Elegant,People,,Rectangle Folded Card,https://m.media-amazon.com/images/I/81VxvhfADpL._AC_SL1500_.jpg
54,B0DYDJ2P5C,551380,12054,10352.9,14971.74,1713,1727,1259,468,10908.22,4063.52,2.186151112,0.858876721,14.21105027,69.1496112,1.446139729,Rectangle Folded Card,PAWZITY,Husband,H2O_GreCard_1550,,Nguyen Huu Dat,X004L3N0MN,3056,2920,3056,NzUxNjQ2MTcyODU3ODc5NzYwNjpyZWN1RXoxQVlRZkViUTo3Y2QyODAyMWUxNjhhY2UyY2VkZTM0NDcyZjdjNWNhMDox,,Father Day,Only Text ,1-3 colors,1,0,Dark,Sentimental  ,Vintage,Elegant,Text-based,,Rectangle Folded Card,https://m.media-amazon.com/images/I/91UN3aPAUUL._AC_SL1500_.jpg
55,B0DYDNB86H,603386,3022,3305.76,4735.04,555,575,439,136,3675.27,1059.77,0.500840258,1.093898081,18.36532098,69.81482733,1.432360486,Rectangle Folded Card,PAWZITY,Dad,H2O_GreCard_1551,,Nguyen Uyen Phuong,X004L3KE6N,2130,2088,2130,NzUxNjQ2MTcyODU3ODc5NzYwNjpyZWN1RXoyNGExb2psRTpjZTg1NjIxZjZiYzYyZjRhMDk4NGNjNDVkYmQ5YjcwNzox,,Father Day,Text + Art (Bottom),More than 3 colors,0,1,Bright,Funny  ,Cartoon,Cute,People,,Rectangle Folded Card,https://m.media-amazon.com/images/I/71RSe1E3QdL._AC_SL1500_.jpg
56,B0DZ234BD5,265714,4226,3950.33,4667.76,546,558,534,24,4444.68,223.08,1.590431818,0.934768102,12.92001893,84.63010095,1.181612675,Rectangle Folded Card,PAWZITY,Retirement,H2O_GreCard_1571,,Truong Thi Bich Ha,X004LDXN75,1891,1868,1891,NzUxNjQ2MTcyODU3ODc5NzYwNjpyZWN1RXoyNGExVEpWOToyM2Q4ZTQ0ODI0MzczZmFiMjFkODFlNjU5ZmQ2ZWUyYTox,,Trend tháng 5,,,0,0,,,,,,,Rectangle Folded Card,https://m.media-amazon.com/images/I/71B5IcHtQoL._AC_SL1500_.jpg
57,B0DZ23S6JB,482400,5085,5011.57,6286.43,727,733,501,232,4298.99,1987.44,1.054104478,0.985559489,14.29695182,79.72044547,1.254383357,Rectangle Folded Card,PAWZITY,Dad,H2O_GreCard_1566,,Tran Phuoc Tam,X004LDTWBV,2124,2013,2124,NzUxNjQ2MTcyODU3ODc5NzYwNjpyZWN1RXoyNGExMldpVTphZmI5NzBmYWUyOWNmZjY2OTAyYTk3NzMyODU2N2FhNDox,,Father Day,Text + Art (Center),1-3 colors,0,1,Bright,Funny  ,Cartoon,Cute,Object-based,,Rectangle Folded Card,https://m.media-amazon.com/images/I/61yAHyJC7lL._AC_SL1500_.jpg
58,B0DZ24D4WW,325302,5389,4842.49,6617.8,802,806,608,198,4976.59,1641.21,1.656614469,0.898587864,14.88216738,73.17371332,1.366610979,Rectangle Folded Card,PAWZITY,Step Dad,H2O_GreCard_1557,,Nguyen Uyen Phuong,X004LDDBCR,1932,1811,1932,NzUxNjQ2MTcyODU3ODc5NzYwNjpyZWN1RXoyNGExQXZscDplYjlkZDI1MTJiZTEwNzk4YmIzMjAzN2NjMTM4M2YyZDox,,Father Day,Text + Art (Bottom),More than 3 colors,1,1,Bright,Funny  ,Cartoon,Cute,Object-based,,Rectangle Folded Card,https://m.media-amazon.com/images/I/71sAaQvozjL._AC_SL1500_.jpg
59,B0DZ24SXM3,2817048,42720,42924.45,72735.91,8709,9092,8539,553,67932.63,4803.28,1.516481082,1.004785815,20.38623596,59.01411009,1.694510005,Rectangle Folded Card,PAWZITY,Dad,H2O_GreCard_1553,,Nguyen Huu Dat,X004LDTUVX,14298,9337,14298,NzUxNjQ2MTcyODU3ODc5NzYwNjpyZWN1RXoyNGExQmlSRjpjZjk3YmJkMjE1MjhjYTU3ZTI4NjQxYzJiNzU1NzdkZTox,,Father Day,Text + Art (Bottom),More than 3 colors,1,1,Bright,Funny  ,Cartoon,Cute,People,,Rectangle Folded Card,https://m.media-amazon.com/images/I/81uSpWRLUTL._AC_SL1500_.jpg
60,B0DZ251CQM,551053,11102,13267.86,28683.91,2134,2254,1936,318,24224.65,4459.26,2.014688242,1.195087372,19.22176184,46.25540939,2.161909306,Card Pack 24,PAWZITY,Graduation,H2O_GreCard_1558,,Truong Thi Bich Ha,X004LDXPWX,832,691,832,NzUxNjQ2MTcyODU3ODc5NzYwNjpyZWN1RXoyNGExVHFiYjplY2RiZjhmZTRkZWJkMzlkY2RmMmRkM2JiNGExMDZhZDox,,Trend tháng 5,Text + Cliparts,1-3 colors,1,0,Seasonal Color  ,Graduation Message,Cartoon,Elegant,Text-based,,Card Pack 24,https://m.media-amazon.com/images/I/81vJQcjR4AL._AC_SL1500_.jpg
61,B0DZ25HB2Z,67224,727,483.77,586.86,83,86,58,28,387.12,199.74,1.081459003,0.665433287,11.41678129,82.43362983,1.213097133,Rectangle Folded Card,PAWZITY,Birthday ,H2O_GreCard_1570,,Nguyen Huu Dat,X004LDDBLN,2434,2421,2434,NzUxNjQ2MTcyODU3ODc5NzYwNjpyZWN1RXoyNGExYXltRTpkM2RjYjRkN2Y0MmM4MDQ5M2M2OWJkYTMyZDEyYTAzODox,,,Text + Art (Bottom),More than 3 colors,0,0,Bright,Funny  ,Cartoon,Cute,People,,Rectangle Folded Card,https://m.media-amazon.com/images/I/71pN+xBmovL._AC_SL1500_.jpg
62,B0DZ25NKKF,724551,4866,4169.7,7353,754,837,512,325,4472.38,2880.62,0.671588335,0.856905055,15.49527333,56.70746634,1.763436218,Rectangle Folded Card,PAWZITY,Dad,H2O_GreCard_1568,,Nguyen Van Dung,X004LDWMJP,2127,2038,2127,NzUxNjQ2MTcyODU3ODc5NzYwNjpyZWN1RXoyNGExYk1ONjo4NWNlMTExNmE5NzI5ZDczYzMwNzcyNzU5ZjdkZGZiMjox,,Father Day,Only Text ,More than 3 colors,0,1,Bright,Fill-in-blank,Cartoon,Cute,Object-based,,Rectangle Folded Card,https://m.media-amazon.com/images/I/71enhRTHWlL._AC_SL1500_.jpg
63,B0DZ25NTH4,212609,4381,4417.9,12631.03,851,897,686,211,9937.14,2693.89,2.060590097,1.008422735,19.42478886,34.97656169,2.859057471,Card Pack 24,PAWZITY,Graduation,H2O_GreCard_1555,,Truong Thi Bich Ha,X004LDXF23,18,11,18,NzUxNjQ2MTcyODU3ODc5NzYwNjpyZWN1RXoyNGExeW5TVDphOTM4YWM0Y2RmNzEyMjM3M2RmYzg5MzIwMWUyZTNhMDox,,Trend tháng 5,Text + Cliparts,1-3 colors,1,1,Dark,,Cartoon,Elegant,Text-based,,Card Pack 24,https://m.media-amazon.com/images/I/81xHZKCXgML._AC_SL1500_.jpg
64,B0DZ26Q9HH,362647,9577,6979.2,8716.08,1054,1085,669,416,5268.86,3447.22,2.64086012,0.728745954,11.00553409,80.07269323,1.248865199,Rectangle Folded Card,PAWZITY,Dad,H2O_GreCard_1567,,Nguyen Huu Dat,X004LDV3K9,1820,1700,1820,NzUxNjQ2MTcyODU3ODc5NzYwNjpyZWN1RXoyNGExdWZucTpiMzRiODdkMjBjZDBiODk0Mzg0ZTc2MzdkNDgwZDkyZjox,,Father Day,Only Text ,1-3 colors,0,0,Bright,Sentimental  ,Simple,Elegant,Text-based,,Rectangle Folded Card,https://m.media-amazon.com/images/I/7153KesWJnL._AC_SL1500_.jpg
65,B0DZ274SXZ,352089,6591,5481.67,6961.95,830,836,567,269,4664.19,2297.76,1.871969871,0.831690184,12.59292975,78.73756634,1.270041794,Rectangle Folded Card,PAWZITY,Husband,H2O_GreCard_1564,,Nguyen Uyen Phuong,X004LDTYIH,1918,1830,1918,NzUxNjQ2MTcyODU3ODc5NzYwNjpyZWN1RXoyNGExRXY0WjpmYjYyMTRjNTE4N2I0NjIxNjQxYWNhM2NiYmMxZWFlNTox,,Father Day,Only Text ,1-3 colors,1,0,Dark,Sentimental  ,Vintage,Elegant,Text-based,,Rectangle Folded Card,https://m.media-amazon.com/images/I/91BSFQ80uiL._AC_SL1500_.jpg
66,B0DZ276NVP,428591,9344,5642.33,6142.02,781,849,813,36,5781.68,360.34,2.180167106,0.603845248,8.358304795,91.86440292,1.088560931,Rectangle Folded Card,PAWZITY,Graduation,H2O_GreCard_1563,,Mai Duy Quang,X004LDXNB1,1447,1422,1447,NzUxNjQ2MTcyODU3ODc5NzYwNjpyZWN1RXoyNGExWUt6WjozNDg3NjFiOGYzZmVlNTVhMjNmMWQwODc3OGZhMjhkNDox,,Trend tháng 5,Text + Art (Top),More than 3 colors,1,0,Dark,Graduation Message,Vintage,Elegant,Object-based,,Rectangle Folded Card,https://m.media-amazon.com/images/I/91ZgSpcukzL._AC_SL1500_.jpg
67,B0DZ27JDWX,342462,8842,8226.18,12859.84,1273,1415,1027,388,9399.03,3460.81,2.581892298,0.930352861,14.3971952,63.96798094,1.563282107,Rectangle Folded Card,PAWZITY,Dad,H2O_GreCard_1569,,Tran Phuoc Tam,X004LDY9Q9,1714,1415,1714,NzUxNjQ2MTcyODU3ODc5NzYwNjpyZWN1RXoyNGExZ3dvNzowZGRlMjdjOTg5YjE4YTg4YTdhYzc3NzAzZTA5YzcyNTox,,Father Day,Only Text ,More than 3 colors,0,1,Bright,Fill-in-blank,Cartoon,Cute,Text-based,,Rectangle Folded Card,https://m.media-amazon.com/images/I/71sNdZ+fmHL._AC_SL1500_.jpg
68,B0DZ27TNVF,141809,4741,4444.82,8670.71,486,629,601,28,8301.99,368.72,3.343229273,0.937527948,10.2510019,51.2624687,1.950744912,Card Pack 24,PAWZITY,"Graduation,Thank you",H2O_GreCard_1556,,Truong Thi Bich Ha,X004LDWWRR,290,260,290,NzUxNjQ2MTcyODU3ODc5NzYwNjpyZWN1RXoyNGExWVlMNjo4ZjU1NmEyZTdiMGJjYzdhNjYzODg2NzMzNmRmNGM2YTox,,Trend tháng 5,Text + Cliparts,More than 3 colors,0,0,Seasonal Color  ,Graduation Message,Simple,Elegant,Object-based,,Card Pack 24,https://m.media-amazon.com/images/I/81weLoMue0L._AC_SL1500_.jpg
69,B0DZ28KBWK,198903,4555,4496.18,10423.4,686,730,552,178,8052.48,2370.92,2.290060984,0.987086718,15.06037322,43.13544525,2.318279072,Card Pack 24,PAWZITY,Graduation,H2O_GreCard_1562,,Truong Thi Bich Ha,X004LDXFPP,178,171,178,NzUxNjQ2MTcyODU3ODc5NzYwNjpyZWN1RXoyNGExa3RXQTpkNWU4ZTYwMzQ0OWVmMWI3MDcxMjFkMDViNjExNzg2ZDox,Set Card,Trend tháng 5,Text + Cliparts,1-3 colors,1,0,Dark,Graduation Message,Vintage,Elegant,Text-based,,Card Pack 24,https://m.media-amazon.com/images/I/819NiODXY6L._AC_SL1500_.jpg
70,B0DZ2BRQSS,155403,1427,1299.45,809.31,58,69,53,16,624.47,184.84,0.918257691,0.910616678,4.064470918,160.5627016,0.62280965,Card Pack 30,PAWZITY,Graduation,H2O_GreCard_1560,,Truong Thi Bich Ha,X004LF088F,888,888,888,NzUxNjQ2MTcyODU3ODc5NzYwNjpyZWN1RXoyNGExa3NOYTo0NTdjODI5ZWQ2MDYxNmE5MmRlZTY0Yjg5MTVmMzQwYzox,,Trend tháng 5,Text + Art (One side),1-3 colors,1,0,Seasonal Color  ,Graduation Message,Cartoon,Elegant,Text-based,,Card Pack 30,https://m.media-amazon.com/images/I/81gavOp0M3L._AC_SL1500_.jpg
71,B0DZ2BS21T,177311,2114,2072.45,3816.22,253,278,184,94,2533.16,1283.06,1.192255416,0.980345317,11.96783349,54.3063555,1.8414051,Card Pack 24,PAWZITY,Graduation,H2O_GreCard_1559,,Truong Thi Bich Ha,X004LDPXXR,634,624,634,NzUxNjQ2MTcyODU3ODc5NzYwNjpyZWN1RXoyNGExQjl3ODoxZjZiOTRmNjVlYTk4MzUwMjg2YzY2OGJjOGVhZTdjNjox,,Trend tháng 5,Text + Cliparts,1-3 colors,1,0,Seasonal Color  ,Graduation Message,Simple,Elegant,Object-based,,Card Pack 24,https://m.media-amazon.com/images/I/813Vvxu5vAL._AC_SL1500_.jpg
72,B0DZ2BSKQX,247825,2667,2423.53,3924.12,270,288,209,79,2872.91,1051.21,1.076162615,0.908710161,10.12373453,61.75983405,1.619175335,Card Pack 24,PAWZITY,Graduation,H2O_GreCard_1561,,Truong Thi Bich Ha,X004LDVAPR,561,547,561,NzUxNjQ2MTcyODU3ODc5NzYwNjpyZWN1RXoyNGExQWtGTTpkMDNlNmNjYzc1M2E1ZjQzMDY1YjE0ZmQyNzcyZTdjZjox,,Trend tháng 5,Text + Cliparts,1-3 colors,1,0,Seasonal Color  ,Graduation Message,Cartoon,Elegant,Text-based,,Card Pack 24,https://m.media-amazon.com/images/I/81gebXur4IL._AC_SL1500_.jpg
73,B0DZ58KDFX,103342,643,430.7,371.13,54,57,40,17,258.3,112.83,0.62220588,0.669828927,8.398133748,116.0509794,0.861690272,Rectangle Folded Card,PAWZITY,Birthday ,H2O_GreCard_1583,,Nguyen Huu Dat,X004LF94XF,2432,2427,2432,NzUxNjQ2MTcyODU3ODc5NzYwNjpyZWN1RXoyNGExUXhmeDo3YTk0ODZlNzcwZmU1OGYzZGExZmJhZDg3OGJiZjNkZTox,,,Text + Art (One side),More than 3 colors,0,0,Bright,Funny  ,Cartoon,Cute,People,,Rectangle Folded Card,https://m.media-amazon.com/images/I/71hEZSYZeEL._AC_SL1500_.jpg
74,B0DZBKC9TB,223311,567,737.62,709.85,95,98,59,39,423.41,286.44,0.253905988,1.300917108,16.75485009,103.9120941,0.962351889,Rectangle Folded Card,PAWZITY,Dad,H2O_GreCard_1572,,Nguyen Huu Dat,X004LHF2V1,2908,2891,2908,NzUxNjQ2MTcyODU3ODc5NzYwNjpyZWN1RXoyNGExalpPQzo4YTFhMDdkOGI2MmRmMjU1OWVjNjZlNDMwNGIyNDMxZDox,Rectangle Folded Card- DS D_c,Father Day,Text + Art (Center),More than 3 colors,0,0,Bright,Funny  ,Cartoon,Cute,People,,Rectangle Folded Card,https://m.media-amazon.com/images/I/71QPWtdyG3L._AC_UL320_.jpg
75,B0DZBQ5XGD,431144,8828,9318.31,14567.16,1727,1743,1472,271,12400.28,2166.88,2.047575752,1.055540326,19.56275487,63.96792511,1.563283471,Rectangle Folded Card,PAWZITY,Dad,H2O_GreCard_1565,,Tran Phuoc Tam,X004LHJBFT,764,497,764,NzUxNjQ2MTcyODU3ODc5NzYwNjpyZWN1RXoyNGExb2FqTDo3ZmQwNjAxZjgwYTM2NWM2ZGM5ZTg4YTE0MGYxZDZmNTox,,Father Day,Text + Art (Top),1-3 colors,1,1,Bright,Funny  ,Cartoon,Cute,Object-based,,Rectangle Folded Card,https://m.media-amazon.com/images/I/71mEAl14iLL._AC_SL1500_.jpg
76,B0DZBW1TZS,331813,5707,3467.42,4534.37,611,632,571,61,4107.94,426.43,1.719944668,0.607573156,10.70615034,76.46971906,1.307707171,Rectangle Folded Card,PAWZITY,Birthday ,H2O_GreCard_1584,,Nguyen Huu Dat,X004LHJ9KB,1946,1405,1946,NzUxNjQ2MTcyODU3ODc5NzYwNjpyZWN1RXoyNGExanRSQTpjZTgwY2I1MDQ1ZWUzNWJkMzI1YjUyN2FjZTVmMzU0YTox,,,Text + Art (One side),More than 3 colors,0,0,Bright,Funny  ,Cartoon,Cute,People,,Rectangle Folded Card,https://m.media-amazon.com/images/I/71GIm6KQ3hL._AC_SL1500_.jpg
77,B0F1MBSD4C,21822,318,201.18,205.7,30,30,30,0,205.7,0,1.457244982,0.632641509,9.433962264,97.80262518,1.022467442,Rectangle Folded Card,PAWZITY,16th birthday,H2O_GreCard_1593,,Nguyen Huu Dat,X004LYVM8B,480,476,980,NzUxNjQ2MTcyODU3ODc5NzYwNjpyZWN1Rmp1dWVQdXJvczo4MTAwNThhMjY3YWFhZGE2MmU0ZDdkNjc2ZWM2NGI1NDox,,,Text + Cliparts,More than 3 colors,1,0,Bright,Information,Watercolor,Cute,Object-based,,Rectangle Folded Card,https://m.media-amazon.com/images/I/81KxxVreYDL._AC_SL1500_.jpg
78,B0F1MCDLTR,66129,775,690.04,873.85,126,127,124,3,848.76,25.09,1.171951791,0.890374194,16.25806452,78.96549751,1.266375862,Rectangle Folded Card,PAWZITY,18th birthday,H2O_GreCard_1594,,Nguyen Huu Dat,X004LYUOC1,383,369,883,NzUxNjQ2MTcyODU3ODc5NzYwNjpyZWN1RlFJa3RSZFhVSDpiZDQwNjAzYzU2YzgwNWQ3MWEyYWFkYWE5NzAxYjgxZjox,,,Text + Cliparts,More than 3 colors,1,0,Bright,Information,Watercolor,Cute,Object-based,,Rectangle Folded Card,https://m.media-amazon.com/images/I/81Us64+j64L._AC_SL1500_.jpg
79,B0F1MCPYXN,57412,650,427.13,663.73,95,97,94,3,641.76,21.97,1.132167491,0.657123077,14.61538462,64.35297485,1.553929717,Rectangle Folded Card,PAWZITY,21st birthday,H2O_GreCard_1595,,Nguyen Huu Dat,X004LZ3SAF,921,912,921,NzUxNjQ2MTcyODU3ODc5NzYwNjpyZWN1RlFJa3RSVlhaUjo0NDZlYjU3NmFkNjU5YjBjZGExZDNiMjMzZGFkNDIyZTox,,,Text + Cliparts,More than 3 colors,1,0,Bright,Information,Watercolor,Cute,Object-based,,Rectangle Folded Card,https://m.media-amazon.com/images/I/81ljTo4U9bL._AC_SL1500_.jpg
80,B0F1MDBPFC,78093,1825,1435.82,2194.26,308,314,309,5,2147.91,46.35,2.336957218,0.786750685,16.87671233,65.43527203,1.528227772,Rectangle Folded Card,PAWZITY,30th birthday,H2O_GreCard_1596,,Nguyen Huu Dat,X004LYUQWT,724,697,724,NzUxNjQ2MTcyODU3ODc5NzYwNjpyZWN1RlFJa3RSQkw0aTozZWQ0YWM2ZTliNWE3NzJkMjhhMDdiZTU5NGFiNDRkYjox,,,Text + Cliparts,More than 3 colors,1,0,Bright,Information,Watercolor,Cute,Object-based,,Rectangle Folded Card,https://m.media-amazon.com/images/I/81-F5WtpKdL._AC_SL1500_.jpg
81,B0F1MDDPRR,85108,1237,1039.74,2064.88,298,302,294,8,2010.96,53.92,1.453447384,0.840533549,24.09054163,50.35353144,1.985958028,Rectangle Folded Card,PAWZITY,60th birthday,H2O_GreCard_1598,,Nguyen Huu Dat,X004LYUX4Z,701,683,701,NzUxNjQ2MTcyODU3ODc5NzYwNjpyZWN1RlFJa3RSRzVXcjpmMjQwNDliZDVhZWM4ZGIzZjg2ZWQxMDM2MWY5ZjUzNTox,,,Text + Cliparts,More than 3 colors,1,0,Bright,Information,Watercolor,Cute,Object-based,,Rectangle Folded Card,https://m.media-amazon.com/images/I/916u1BktTbL._AC_SL1500_.jpg
82,B0F1MDP4NV,75317,480,460.64,519.25,74,75,71,4,491.29,27.96,0.637306319,0.959666667,15.41666667,88.7125662,1.127236019,Rectangle Folded Card,PAWZITY,50th birthday,H2O_GreCard_1597,,Nguyen Huu Dat,X004LYVQ4L,408,402,908,NzUxNjQ2MTcyODU3ODc5NzYwNjpyZWN1RlFJa3RSQnFjVDo3MGQ1ZjFmODQxYmE4ODllZjljNmRiMTAyMDI2ZTMxYzox,,,Text + Cliparts,More than 3 colors,1,0,Bright,Information,Watercolor,Cute,Object-based,,Rectangle Folded Card,https://m.media-amazon.com/images/I/81hSpf6UVUL._AC_SL1500_.jpg
83,B0F1N5RTKR,319067,5968,4294.4,6523.28,684,690,426,264,4032.06,2491.22,1.870453541,0.719571046,11.46112601,65.83191278,1.519020119,Rectangle Folded Card,PAWZITY,Mom,H2O_GreCard_1599,,Nguyen Huu Dat,X004M0Q0PT,307,306,307,NzUxNjQ2MTcyODU3ODc5NzYwNjpyZWN1RlFJa3RSNVdzcjpjOGJhZmFhMWY0M2QwMzQ1N2UxN2Q5MmNhMTY1NzQ5MTox,,Trend tháng 5,Text + Cliparts,More than 3 colors,0,1,Bright,Sentimental  ,Watercolor,Elegant,Floral,,Rectangle Folded Card,https://m.media-amazon.com/images/I/813rYgLK0AL._AC_SL1500_.jpg
84,B0F1N7LJTQ,169414,942,755.18,927.17,101,102,75,27,683.95,243.22,0.55603433,0.801677282,10.72186837,81.45000377,1.227747027,Rectangle Folded Card,PAWZITY,Mom,H2O_GreCard_1602,,Nguyen Uyen Phuong,X004M0T76X,822,822,822,NzUxNjQ2MTcyODU3ODc5NzYwNjpyZWN1RlFJa3RSY3NRQzo5MzQ4ZGU2YWQzNWUxNWUyOTk3OTA3MzU0YjJhMWE5MDox,,Trend tháng 5,Only Text ,More than 3 colors,0,0,Bright,Sentimental  ,Simple,Elegant,Text-based,,Rectangle Folded Card,https://m.media-amazon.com/images/I/71SWawCOr4L._AC_SL1500_.jpg
85,B0F1N8FBC7,112843,2560,2166.06,6335.33,567,571,458,113,5102.52,1232.81,2.268638728,0.846117188,22.1484375,34.19016847,2.92481741,Rectangle Folded Card,PAWZITY,Mom,H2O_GreCard_1600,,Nguyen Uyen Phuong,X004M0Q24X,341,340,341,NzUxNjQ2MTcyODU3ODc5NzYwNjpyZWN1RlFJa3RSaUxhOTpiNDIwMjdiM2MwZWE3Mzk3YzZjNTBhNDM2OGE1MGZjMDox,,Trend tháng 5,Only Text ,1-3 colors,0,1,Bright,Funny  ,Simple,Elegant,Text-based,,Rectangle Folded Card,https://m.media-amazon.com/images/I/71t7yK8kAcL._AC_SL1500_.jpg
86,B0F1N8YP8N,253608,5079,3589.3,6369.01,681,685,503,182,4493.38,1875.63,2.002697076,0.706694231,13.40815121,56.35569735,1.774443485,Rectangle Folded Card,PAWZITY,Mom,H2O_GreCard_1601,,Mai Duy Quang,X004M0PWAN,308,306,308,NzUxNjQ2MTcyODU3ODc5NzYwNjpyZWN1RlFJa3RSRUdKUzo3MmQwNzA5ODQ0NjM4YWRiYzAzMWQ4ZTBjOGQzZDIxOTox,,Trend tháng 5,Text + Art (Center),1-3 colors,0,1,Dark,Sentimental  ,Vintage,Elegant,Floral,,Rectangle Folded Card,https://m.media-amazon.com/images/I/91gwtLUmJAL._AC_SL1500_.jpg
87,B0F1RJMQLQ,299165,6908,4708.83,8059.18,817,820,597,223,5883.85,2175.33,2.309093644,0.681648813,11.8268674,58.42815274,1.711503707,Rectangle Folded Card,PAWZITY,Mom,H2O_GreCard_1603,,Mai Duy Quang,X004M0TPN3,67,65,67,NzUxNjQ2MTcyODU3ODc5NzYwNjpyZWN1RlFJa3RSWW41MDpjYmE3OWY2YWEyOWE3ZGMwNTg0ZGRiMTRlNGJhNTM2NDox,,Trend tháng 5,Only Text ,1-3 colors,0,1,Bright,Sentimental  ,Simple,Elegant,Text-based,,Rectangle Folded Card,https://m.media-amazon.com/images/I/81PU+atNHuL._AC_SL1500_.jpg
88,B0F1RT6R1W,38772,694,606.23,536.37,62,62,39,23,327.61,208.76,1.789951511,0.873530259,8.933717579,113.0245912,0.884763209,Rectangle Folded Card,PAWZITY,Mom,H2O_GreCard_1604,,Mai Duy Quang,X004M0TT75,820,815,820,NzUxNjQ2MTcyODU3ODc5NzYwNjpyZWN1Rmp1dWVQbjVFODoxNGRlMjFhOWJjOTBkZDkwMGViNmIzMjM2ZDY0MWI4ZTox,,Trend tháng 5,Text + Cliparts,More than 3 colors,0,1,Bright,Sentimental  ,Watercolor,Elegant,Floral,,Rectangle Folded Card,https://m.media-amazon.com/images/I/81RJZ+clufL._AC_SL1500_.jpg
89,B0F1RTSZ5C,55147,341,311.23,257.64,35,35,21,14,153.79,103.85,0.618347326,0.912697947,10.26392962,120.8003416,0.827812229,Rectangle Folded Card,PAWZITY,Mom,H2O_GreCard_1606,,Mai Duy Quang,X004M0X6V5,952,943,952,NzUxNjQ2MTcyODU3ODc5NzYwNjpyZWN1RlFOUGRkNnp6TDpjZmExMDhjN2RiYWI1NmIzZGExZjJkNjFhM2UyNmM1MDox,,Trend tháng 5,Text + Art (Center),More than 3 colors,0,1,Bright,Sentimental  ,Watercolor,Elegant,Animal ,,Rectangle Folded Card,https://m.media-amazon.com/images/I/81PRGp2YW8L._AC_SL1500_.jpg
90,B0F1RY9SK8,258307,5650,3987.1,6302.95,726,735,536,199,4654.01,1648.94,2.18731974,0.705681416,12.84955752,63.25768093,1.580835695,Rectangle Folded Card,PAWZITY,Mom,H2O_GreCard_1605,,Nguyen Huu Dat,X004M0X6TH,42,42,42,NzUxNjQ2MTcyODU3ODc5NzYwNjpyZWN1RlFOUGRkcnhPWDozMTdmYWZmMGZjMjcxOTdjMGZkMjA5MDAwNDNmM2NmZDox,,Trend tháng 5,Only Text ,1-3 colors,0,1,Bright,Sentimental  ,Simple,Elegant,Text-based,,Rectangle Folded Card,https://m.media-amazon.com/images/I/71fDY6zVC-L._AC_SL1500_.jpg
91,B0F1S2PKV2,68045,1659,1500.48,1376.25,173,179,100,79,729.4,646.85,2.438092439,0.904448463,10.42796866,109.026703,0.917206494,Rectangle Folded Card,PAWZITY,Mom,H2O_GreCard_1608,,Mai Duy Quang,X004M0QFE5,850,842,850,NzUxNjQ2MTcyODU3ODc5NzYwNjpyZWN1RlFOUGRkQXdBeTphM2E4NTk2ZDRkYThhYTMxZGMwMDRkYWM2YTliZDMzYzox,,Trend tháng 5,Text + Cliparts,More than 3 colors,0,0,Bright,Sentimental  ,Watercolor,Elegant,Floral,,Rectangle Folded Card,https://m.media-amazon.com/images/I/81VcL+yuqyL._AC_SL1500_.jpg
92,B0F1S71Y4Q,77517,802,681.86,890.38,89,92,59,33,575.66,314.72,1.034611763,0.850199501,11.09725686,76.58078573,1.305810577,Rectangle Folded Card,PAWZITY,Mom,H2O_GreCard_1610,,Nguyen Huu Dat,X004M0UG4Z,866,866,866,NzUxNjQ2MTcyODU3ODc5NzYwNjpyZWN1RlFOUGRkVkNnMDpjNjYzMDFjYzg4Mjc5ZTg2MTFiYjI4ZGNiNGJhM2ZjNjox,,Trend tháng 5,Text + Art (Center),More than 3 colors,0,1,Bright,Sentimental  ,Watercolor,Elegant,Floral,,Rectangle Folded Card,https://m.media-amazon.com/images/I/81vODK3CzqL._AC_SL1500_.jpg
93,B0F1S73CNP,407973,4298,3161.03,7202.67,690,698,523,175,5392.77,1809.9,1.05350109,0.735465333,16.05397859,43.88691971,2.278583247,Rectangle Folded Card,PAWZITY,Mom,H2O_GreCard_1607,,Nguyen Uyen Phuong,X004M0U5AF,197,197,197,NzUxNjQ2MTcyODU3ODc5NzYwNjpyZWN1RlFOUGRkYnFQVzo2ZDNjY2NmNjRhMjk3N2IxZDE0NGNlMzNhNzk5NDQ5Mjox,,Trend tháng 5,Text + Cliparts,More than 3 colors,1,1,Bright,Sentimental  ,Cartoon,Cute,Object-based,,Rectangle Folded Card,https://m.media-amazon.com/images/I/81Xu8qCfz0L._AC_SL1500_.jpg
94,B0F1SBCSPS,127965,2263,1746.16,2017.58,235,237,124,113,1021.63,995.95,1.768452311,0.771612903,10.38444543,86.54724968,1.155438219,Rectangle Folded Card,PAWZITY,Mom,H2O_GreCard_1609,,Nguyen Huu Dat,X004M0TEOD,717,717,717,NzUxNjQ2MTcyODU3ODc5NzYwNjpyZWN1RlFOUGRkSFlOcjo3YjllZWYyYTNhMzQ3NDQyNmRjYmNiNmJhNGY1Y2UzODox,,Trend tháng 5,Text + Art (One side),More than 3 colors,1,1,Bright,Sentimental  ,Watercolor,Elegant,Floral,,Rectangle Folded Card,https://m.media-amazon.com/images/I/81EQgNGX3FL._AC_SL1500_.jpg
95,B0F1SJ99RL,138746,3417,2591.3,5630.47,566,569,440,129,4312.6,1317.87,2.462773702,0.758355282,16.56423764,46.02280094,2.172836028,Rectangle Folded Card,PAWZITY,Mom,H2O_GreCard_1611,,Nguyen Uyen Phuong,X004M0XWP5,320,320,320,NzUxNjQ2MTcyODU3ODc5NzYwNjpyZWN1RlFOUGRkYUJBZjpmOGQ4ZjUxYWYzMTE0ZDU2ZDFmZDk2MjZjM2JjYzlkNjox,,Trend tháng 5,Only Text ,1-3 colors,0,1,Bright,Funny  ,Simple,Cute,Text-based,,Rectangle Folded Card,https://m.media-amazon.com/images/I/719C5ssLH6L._AC_SL1500_.jpg
96,B0F1SSJ3N6,205790,4060,3263.3,6771.21,725,734,545,189,5004.45,1766.76,1.97288498,0.803768473,17.85714286,48.19374971,2.074957865,Rectangle Folded Card,PAWZITY,Mom,H2O_GreCard_1617,,Nguyen Uyen Phuong,X004M0W8IR,283,282,283,NzUxNjQ2MTcyODU3ODc5NzYwNjpyZWN1RlFOUGRkbTg0VDoxNmJhNDNiNTJhNTk5ZTAyMjNmMzQ1NzRmNDk5NTFmZDox,,Trend tháng 5,Only Text ,1-3 colors,0,1,Bright,Funny  ,Simple,Cute,Text-based,,Rectangle Folded Card,https://m.media-amazon.com/images/I/713bdTbKMpL._AC_SL1500_.jpg
97,B0F1SSJYQ3,266910,6511,4067.5,7981.01,790,800,550,250,5515.85,2465.16,2.439399048,0.624712026,12.13331286,50.96472752,1.962141364,Rectangle Folded Card,PAWZITY,Mom,H2O_GreCard_1618,,Nguyen Huu Dat,X004M0WAEJ,16,16,16,NzUxNjQ2MTcyODU3ODc5NzYwNjpyZWN1RlFOUGRkbUxCYjozNjg0NjU5NzM4M2JlMzNhYTA0YTdjYzQ1OGYyMGY0NDox,,Trend tháng 5,Text + Art (One side),More than 3 colors,0,1,Bright,Sentimental  ,Watercolor,Elegant,Floral,,Rectangle Folded Card,https://m.media-amazon.com/images/I/71keRkWEKeL._AC_SL1500_.jpg
98,B0F1SV54D8,188058,3166,3088.06,5747.6,490,614,522,92,4833.58,914.02,1.683523168,0.975382186,15.47694251,53.72781683,1.861233266,Rectangle Folded Card,PAWZITY,Grandma,H2O_GreCard_1614,,Nguyen Uyen Phuong,X004M0VJHN,120,97,120,NzUxNjQ2MTcyODU3ODc5NzYwNjpyZWN1RlFOUGRkakxxdzoyOTI2MjlmMGRkYjdkNTA4NDE5ZjllMjRkODUxNGQ2Njox,,Trend tháng 5,Only Text ,More than 3 colors,0,1,Bright,Fill-in-blank,Cartoon,Cute,Object-based,,Rectangle Folded Card,https://m.media-amazon.com/images/I/81fP4JwzCsL._AC_SL1500_.jpg
99,B0F1SX9Y88,121666,2422,2185.33,4911.6,518,523,438,85,4257.93,653.67,1.990695839,0.902283237,21.38728324,44.49324049,2.247532409,Rectangle Folded Card,PAWZITY,Mom,H2O_GreCard_1612,,Nguyen Uyen Phuong,X004M0UQZT,2,0,2,NzUxNjQ2MTcyODU3ODc5NzYwNjpyZWN1RlFOUGRkaXJkbTpkOWRiMDg0Y2QwMTFjMzVjMTI3YWM4YzE1YjEyN2RkYzox,,Trend tháng 5,Only Text ,1-3 colors,0,1,Bright,Funny  ,Simple,Cute,Text-based,,Rectangle Folded Card,https://m.media-amazon.com/images/I/71T8ghbWLNL._AC_SL1500_.jpg
100,B0F1SY2QCB,38340,687,587.05,472.43,53,54,37,17,317.63,154.8,1.791862285,0.854512373,7.714701601,124.2617954,0.804752576,Rectangle Folded Card,PAWZITY,Mom,H2O_GreCard_1615,,Mai Duy Quang,X004M0ZUIR,819,814,819,NzUxNjQ2MTcyODU3ODc5NzYwNjpyZWN1RlFOUGRkQkFUbTpiZmJmYWY3ZWE2NTgyMjcwMGU5MDA0MzYxZjBiMjQyNDox,Rectangle Folded Card- DS D_c,Trend tháng 5,Text + Cliparts,More than 3 colors,1,0,Bright,Sentimental  ,Simple,Elegant,Text-based,,Rectangle Folded Card,https://m.media-amazon.com/images/I/71xIj67X1gL._AC_SL1500_.jpg
101,B0F1SZ365H,115832,3999,3726.59,7453.47,770,771,629,142,6086.65,1366.82,3.452413841,0.93188047,19.2548137,49.9980546,2.000077819,Rectangle Folded Card,PAWZITY,Wife,H2O_GreCard_1624,,Mai Duy Quang,X004M12H91,72,71,72,NzUxNjQ2MTcyODU3ODc5NzYwNjpyZWN1RlFOUGRkMk84OTo0ZjJkNzZjNmQ2MTljYjYyMjkwNzUxN2M1ZmU5OTNmYjox,,Trend tháng 5,Text + Cliparts,1-3 colors,0,1,Bright,Sentimental  ,Watercolor,Elegant,Floral,,Rectangle Folded Card,https://m.media-amazon.com/images/I/71S7LtAYkYL._AC_SL1500_.jpg
102,B0F1SZ6JG7,174360,2833,2319.21,5917.51,532,536,432,104,4794.58,1122.93,1.624799266,0.818641017,18.77867984,39.19232921,2.551519699,Rectangle Folded Card,PAWZITY,Mom,H2O_GreCard_1616,,Nguyen Uyen Phuong,X004M0NC5F,310,309,310,NzUxNjQ2MTcyODU3ODc5NzYwNjpyZWN1RlFOUGRkYUJiMzowMDhiNWZlNWZlMDE5Y2UxMWEyYjcwMzc3YzE2MzI5NDox,,Trend tháng 5,Text + Art (Bottom),1-3 colors,0,1,Dark,Funny  ,Cartoon,Cute,Object-based,,Rectangle Folded Card,https://m.media-amazon.com/images/I/91NLCHI439L._AC_SL1500_.jpg
103,B0F1SZX1XC,220088,4984,3698.14,6615.69,652,661,505,156,5009.24,1606.45,2.264548726,0.742002408,13.08186196,55.8995358,1.788923621,Rectangle Folded Card,PAWZITY,Mom,H2O_GreCard_1613,,Mai Duy Quang,X004M0YLV9,188,187,188,NzUxNjQ2MTcyODU3ODc5NzYwNjpyZWN1RlFOUGRkNEhqVjozNWYwMTk4MWMxYzczZDc0Njg3OTIyYWYwNTZlNGNlNzox,,Trend tháng 5,Text + Art (One side),More than 3 colors,1,1,Bright,Sentimental  ,Watercolor,Elegant,Floral,,Rectangle Folded Card,https://m.media-amazon.com/images/I/71bnk1UlB5L._AC_SL1500_.jpg
104,B0F1T5WNHD,131933,4255,3703.47,7075.75,731,734,560,174,5335.03,1740.72,3.225121842,0.870380729,17.17978848,52.34031728,1.910573057,Rectangle Folded Card,PAWZITY,Wife,H2O_GreCard_1622,,Nguyen Huu Dat,X004M119HR,75,75,75,NzUxNjQ2MTcyODU3ODc5NzYwNjpyZWN1RlFOUGRkVGtORTozODgzNzEyZWY3OWY4MzhhNmVkODkzNDRjZDI4MzBmNzox,Rectangle Folded Card- DS D_c,Trend tháng 5,Text + Cliparts,More than 3 colors,1,0,Bright,Sentimental  ,Simple,Elegant,Floral,,Rectangle Folded Card,https://m.media-amazon.com/images/I/71A8J6bBsSL._AC_SL1500_.jpg
105,B0F1T8SQXX,63100,1657,1680.1,4488.11,461,499,472,27,4284.38,203.73,2.625990491,1.013940857,27.82136391,37.43446573,2.67133504,Rectangle Folded Card,PAWZITY,Mom,H2O_GreCard_1620,,Nguyen Uyen Phuong,X004M13AT7,64,64,64,NzUxNjQ2MTcyODU3ODc5NzYwNjpyZWN1RlFOUGRkUkxGaTowM2M4MWY2MDBlMDEzMTVjYWQyZmY1ODM2YzVmZWQ4OTox,,Trend tháng 5,Only Text ,1-3 colors,1,1,Bright,Funny  ,Simple,Cute,Text-based,,Rectangle Folded Card,https://m.media-amazon.com/images/I/71tAQZS1lSL._AC_SL1500_.jpg
106,B0F1TBZ55P,54396,1998,2057.09,2013.28,223,223,162,61,1412.48,600.8,3.673064196,1.029574575,11.16116116,102.176051,0.978702925,Rectangle Folded Card,PAWZITY,Wife,H2O_GreCard_1623,,Nguyen Huu Dat,X004M0R2N3,597,595,597,NzUxNjQ2MTcyODU3ODc5NzYwNjpyZWN1RlFOUGRkd3AyRzo4ZWQ2NTU3NjBjNWUxNGUyOGFlY2RlZDFmOGM0Y2EyZDox,,Trend tháng 5,Text + Cliparts,More than 3 colors,1,1,Bright,Sentimental  ,Simple,Elegant,Floral,,Rectangle Folded Card,https://m.media-amazon.com/images/I/81MiXXhPY7L._AC_SL1500_.jpg
107,B0F1TFLB7G,168643,5807,4046.99,5653.45,634,641,425,216,3715.83,1937.62,3.443368536,0.696915791,10.91785776,71.58443075,1.396951809,Rectangle Folded Card,PAWZITY,Mom,H2O_GreCard_1621,,Nguyen Huu Dat,X004M16SHX,145,144,145,NzUxNjQ2MTcyODU3ODc5NzYwNjpyZWN1RlFOUGRkUmJIaDowNTZkMWM4ZWU3M2RjMTQ4NDgwZThlMzA5MzRkMmZlYzox,,Trend tháng 5,Text + Cliparts,More than 3 colors,0,1,Bright,Sentimental  ,Watercolor,Elegant,Floral,,Rectangle Folded Card,https://m.media-amazon.com/images/I/8161yQUcK6L._AC_SL1500_.jpg